draw_number,draw_date,first_prize,second_prize,third_prize,starter_1,starter_2,starter_3,starter_4,starter_5,starter_6,starter_7,starter_8,starter_9,starter_10,consolation_1,consolation_2,consolation_3,consolation_4,consolation_5,consolation_6,consolation_7,consolation_8,consolation_9,consolation_10
4983,2023-03-05,8013,8140,2276,0072,0332,0903,1623,2893,4416,6248,6904,7796,8298,0455,1441,1809,2650,3486,5487,6404,7751,9512,9930
4984,2023-03-08,7493,8400,1971,1318,2126,3438,4030,4921,5513,5520,5792,6453,6768,1671,2339,2530,2829,3666,4690,4737,5187,8288,8732
4985,2023-03-11,7982,4760,0212,0342,0613,1404,4645,5956,6915,7628,7792,8714,8714,1073,3586,3648,4233,5933,6269,7026,7154,8558,9256
4986,2023-03-12,0691,2922,1822,1221,2099,3878,4006,4162,4481,4798,5164,6285,7255,0972,1279,3310,3321,3424,4343,5862,5952,9139,9785
4987,2023-03-15,1905,8878,5744,0741,1428,2654,3198,3573,4220,4815,8396,8402,9338,0250,0277,0677,0804,1030,1535,2762,3114,4705,8981
4988,2023-03-18,5774,9910,0464,1804,3083,4655,4743,5240,5302,7178,7451,8055,8071,0447,0496,1185,1466,2598,2831,5222,7203,8203,9725
4989,2023-03-19,4433,4821,5746,0796,0809,2058,2183,2565,4077,5553,8278,9571,9873,0568,2201,3617,4151,4770,5496,6944,8062,8244,8705
4990,2023-03-22,0027,5170,6937,0634,1626,3127,5576,6052,6311,6751,8507,8577,8681,4832,5368,5573,5807,6413,6459,7867,7877,8215,8988
4991,2023-03-25,3015,2415,6967,0193,0209,0714,1317,1360,3465,4849,8229,8661,9250,3531,5690,5953,5976,6506,7505,7608,7778,8107,8490
4992,2023-03-26,5794,2837,6982,2004,2324,3059,4492,4677,4961,6481,7105,8393,9672,0651,0795,1045,1247,4214,6430,7424,8347,8752,9559
4993,2023-03-29,2443,1657,4937,0592,1728,2665,3734,4188,4441,6336,7037,7658,7803,0934,1470,1990,2615,3875,4601,4683,4925,7567,9754
4994,2023-04-01,7517,5420,4448,1611,3300,3372,3769,3889,4667,6827,8351,9273,9499,0297,0369,1826,1865,2881,3854,4258,4761,6316,6412
4995,2023-04-02,5598,1644,0900,0666,5127,5176,5697,6813,7200,7858,8663,9550,9593,3761,4613,5144,5714,5864,6109,6589,8258,9215,9560
4996,2023-04-05,1783,8236,0927,3520,4157,4733,5943,6208,6355,6918,8570,8844,9609,0059,3427,3442,4364,4635,4769,6246,6336,7855,7902
4997,2023-04-08,4577,5726,5253,0472,0832,2294,5617,7248,8049,8375,8592,9119,9881,0507,2274,4000,4594,5701,6367,6628,6924,8519,9620
4998,2023-04-09,8090,3328,3448,1990,2340,2511,2942,3345,3706,4450,5623,5773,9538,1625,1640,1646,2800,6989,8480,9044,9568,9635,9722
4999,2023-04-12,1946,3869,1039,0550,2598,3373,3569,4873,5465,6816,8700,9015,9177,0863,0905,1372,3050,5857,8878,9251,9617,9736,9921
5000,2023-04-15,7867,4108,8246,1203,3445,3757,5756,5757,5905,6064,6600,7789,8446,0751,0955,3563,4190,4690,7974,9049,9314,9523,9529
5001,2023-04-16,9226,9887,6586,0373,0479,1709,3405,3464,5014,5115,6787,7051,7402,1359,1424,2100,3850,5028,6270,7170,8686,9239,9602
5002,2023-04-19,6679,9347,2070,0222,0244,1708,2059,2855,5463,6696,7827,8261,9201,1820,2161,2382,3990,4207,4908,5099,5310,5595,6585
5003,2023-04-22,1878,6128,7247,1396,1650,1805,2294,3230,3547,4148,5263,5521,6977,0423,1084,2378,3633,6130,6177,6554,7364,7847,9328
5004,2023-04-23,2088,0491,4886,0186,2146,2481,3933,5337,5342,5522,6905,7009,8425,2041,3341,3999,4878,5560,6716,7860,8281,8614,9345
5005,2023-04-26,4203,0201,6316,0386,1019,3728,3860,3962,6245,6287,7478,8246,8254,0013,1240,3734,5726,5778,6012,6054,6455,6740,7007
5006,2023-04-29,9889,2568,0673,1865,2214,3388,3520,4143,4464,5034,6665,8458,9113,0897,2346,2596,3492,3541,4600,5687,6658,7100,7697
5007,2023-04-30,8531,8550,9209,0368,0615,2397,3351,4213,5643,6095,6865,7660,9689,0480,1037,2504,2646,4459,5192,6850,7110,8455,9657
5008,2023-05-03,2895,4708,4556,1662,2095,2729,5670,6030,6067,6453,7335,7607,8017,0460,0858,1112,1191,1754,5692,7443,7637,7704,7923
5009,2023-05-06,6517,6060,9115,1072,1478,3168,3486,6771,7171,7489,7678,7891,9578,1138,1183,1367,2237,3003,3526,5085,5453,9140,9370
5010,2023-05-07,9399,2646,9838,0107,0134,0506,0541,0850,1690,3270,5154,7597,9394,0089,2078,2287,2349,3064,4635,6049,6959,8292,9542
5011,2023-05-10,2386,7239,6814,1230,1319,1639,3022,3401,4988,6069,6434,7449,8492,0456,2109,2294,2416,2923,3597,4945,5246,5938,6129
5012,2023-05-13,5112,9563,9755,0317,1761,3433,4917,7948,8774,8979,9431,9468,9571,1039,3237,3485,3676,4447,4566,5449,7122,8205,8480
5013,2023-05-14,1401,6867,9250,0037,0692,1074,1441,2972,3955,4286,5086,6093,9517,0141,1145,1643,1723,3960,4324,4771,6021,6032,7807
5014,2023-05-17,0197,2289,6231,0015,0702,1357,4418,4589,5844,6183,6584,8010,8153,3685,4810,5577,5974,6002,6739,6743,7719,8224,9787
5015,2023-05-20,3668,2407,2361,1112,1640,2544,3007,4952,5213,5937,8590,8910,9013,0282,2177,4211,4643,6202,8284,8539,9023,9656,9698
5016,2023-05-21,9938,3618,6585,0742,1438,1483,1571,3595,4033,8162,8277,8543,9086,1957,2575,3392,3991,4135,4453,5799,6987,7089,8097
5017,2023-05-24,8608,4918,9832,0427,1580,2463,3156,3455,4575,6795,7976,8785,9910,0217,2340,2853,4610,5129,5745,5961,8619,8882,9714
5018,2023-05-27,9356,3861,0051,0163,4500,4690,5455,5786,6924,7505,7661,8874,9932,2984,3265,3311,5294,5528,8583,8970,9583,9918,9990
5019,2023-05-28,3041,3785,6698,1678,2138,3907,4149,4165,4323,5687,8365,9168,9176,0551,1140,3310,4005,4541,6623,7071,7138,7328,8077
5020,2023-05-31,7733,3788,7191,1307,3350,3393,4983,6160,6191,6557,6695,7212,7540,2232,3213,3906,5027,6645,7179,7770,7883,8674,9545
5021,2023-06-03,2909,0906,1990,1988,3605,5045,5537,6216,6699,7256,9063,9547,9700,1566,1759,2138,2435,4073,4641,4967,7739,8250,9397
5022,2023-06-04,1192,1663,4996,0520,0631,1002,2430,2617,3550,5584,5860,5976,8214,0154,0299,0692,3228,4962,5561,5733,6326,9087,9446
5023,2023-06-07,5860,9783,9209,4639,5642,5666,6515,6784,7710,7738,8403,8975,9456,1485,1683,2057,4213,7851,8037,8887,8943,9006,9837
5024,2023-06-10,0086,0393,8010,0971,1472,1924,3268,4291,4879,5859,7431,8657,8831,2021,2058,2341,3471,3800,4223,4798,5180,5373,6911
5025,2023-06-11,2728,0195,4996,0203,0408,1491,3026,3265,5371,5373,5426,6412,6777,2714,3290,4560,4677,5126,5352,6314,7123,9800,9930
5026,2023-06-14,5756,7403,7031,0667,1293,2425,5465,5693,5854,7288,8168,8236,9779,0953,1056,1200,2322,2595,4403,6336,6710,7849,9863
5027,2023-06-17,2200,8314,0704,0088,0157,0200,2178,2234,2849,3219,7500,7727,8262,1440,1499,1612,2983,3773,4972,6681,7030,8859,9824
5028,2023-06-18,0880,7245,9763,1546,1868,2482,2585,2698,2903,2919,3448,8658,9054,1875,2051,2641,3610,3651,5292,5917,7109,8576,9879
5029,2023-06-21,4193,8700,1366,2148,3049,4210,4897,4981,7083,7643,7913,8605,8836,0432,0674,1469,1890,3658,4829,5359,6022,6501,9225
5030,2023-06-24,9776,6004,2865,1818,2552,2959,3338,5245,5734,5891,7119,8102,8434,1305,1436,1572,2898,5459,6511,7253,7446,9724,9817
5031,2023-06-25,1161,6889,5249,0215,3049,4717,4888,5969,7437,7704,9157,9772,9815,0323,0530,0867,3915,5800,6656,9088,9098,9801,9944
5032,2023-06-28,7851,8808,5085,0115,0579,1503,1968,3087,5119,7155,8322,8500,9988,0315,1199,2149,2839,3366,3561,4510,4550,7724,9716
5033,2023-07-01,7589,8249,8308,0447,0784,1991,3462,5563,6761,7277,8191,8343,9981,1541,1576,1962,2048,4335,6794,6936,7410,8017,8241
5034,2023-07-02,5756,3966,8131,0771,2147,4446,4968,5420,5793,6505,9299,9418,9561,0919,1292,3298,3841,4202,4630,5762,6802,8025,8737
5035,2023-07-05,5260,3225,8290,0547,1629,1732,3363,3785,3853,5701,7028,7092,8085,0523,1044,1048,2051,2534,2827,3030,4442,8346,8385
5036,2023-07-08,0363,5181,4278,0029,1791,1996,3330,3990,4721,5082,5525,7721,9225,0722,1048,1640,2211,3671,3879,4569,5486,6747,8146
5037,2023-07-09,9480,8159,8484,0462,2417,3787,4330,4780,5307,7704,8198,8822,9389,0258,0618,1155,2463,5318,5546,6083,7852,9178,9445
5038,2023-07-12,9878,6307,1190,0054,1135,1371,1614,1809,2507,3566,3979,8553,9375,0023,0845,2151,4504,4794,5574,6151,6593,7618,8838
5039,2023-07-15,3785,1050,4853,0727,1499,3041,3833,5479,7207,7364,7553,9080,9392,2639,3702,4937,5989,6320,6689,7637,7839,9039,9521
5040,2023-07-16,3833,3403,3508,0242,1438,2040,2133,3335,3344,3431,3843,9111,9255,1531,3182,4655,4688,4972,5117,6962,8004,8553,9696
5041,2023-07-19,4234,3187,9047,0359,1316,3007,3482,3591,5528,6272,6447,6454,8856,3176,3671,5478,5730,6026,7778,8146,9030,9066,9437
5042,2023-07-22,8185,5502,8726,1286,3119,4548,5091,5764,8100,8562,8886,9275,9903,0161,1158,1375,2567,3338,3522,4259,5843,7442,8232
5043,2023-07-23,0653,1731,3090,0818,1393,1870,2539,3431,4508,4756,5276,8645,8827,0008,2698,3520,3593,6151,6164,6328,7189,7535,8141
5044,2023-07-26,9517,4601,8079,0436,1971,3084,3088,3498,3883,6330,7344,7579,8711,0050,0504,1183,1498,1845,2010,4547,8797,9215,9573
5045,2023-07-29,8887,7445,7922,0155,0924,1430,1438,2280,3015,3591,7548,8890,9237,1367,2484,2562,2733,6770,7176,8965,9011,9583,9939
5046,2023-07-30,5315,8571,8198,1332,1964,3418,4599,4922,7968,7981,8143,8335,9690,0210,0314,0629,0691,3067,5113,5849,6629,8879,8897
5047,2023-08-02,7545,8746,6740,0340,0735,1083,2450,2490,2671,3666,3756,5075,9102,0419,0741,1036,2481,2517,3406,4246,4315,7203,8157
5048,2023-08-05,9428,3116,5077,0004,0075,1379,2518,4163,6336,7431,7934,9574,9948,0514,1266,1363,2249,3209,3295,3355,3836,5424,8068
5049,2023-08-06,9732,1401,8664,0260,0851,1407,2798,3776,4089,5801,6112,6800,8204,0361,3024,3565,4952,4979,6736,6934,7032,7633,8648
5050,2023-08-09,5392,7547,1684,0327,0418,0830,0999,2757,3686,5761,5968,6669,8947,0688,2299,2535,3207,3575,4699,5126,7133,7877,8978
5051,2023-08-12,4012,4135,9638,0794,1495,3324,4112,4820,6218,9229,9566,9817,9827,1911,2920,2936,4339,4888,5314,5957,6788,6895,9491
5052,2023-08-13,4647,8442,1125,0518,2906,3638,5120,5757,8332,8881,9223,9342,9779,0433,1549,2446,3908,4018,4531,4775,7878,7913,8273
5053,2023-08-16,4182,3172,7069,1592,3276,4168,4546,5015,6212,6455,7133,7515,7807,0853,1322,1530,1658,2969,4980,5301,6891,7095,8918
5054,2023-08-19,4467,3811,9693,1084,4100,5972,6236,7196,8037,8129,8440,8963,9909,0234,0471,0981,1935,3952,4091,4907,9524,9791,9822
5055,2023-08-20,1863,7051,2808,0196,0773,1175,3092,3636,3778,4249,6607,7716,8105,1574,3856,4165,4686,4942,5817,7505,7993,8699,8758
5056,2023-08-23,6227,6037,0508,0054,3423,3786,6404,6469,6750,7367,8655,8682,9427,0737,2466,2711,3563,5091,5118,7240,7433,8911,9360
5057,2023-08-26,3334,0269,3483,0682,0762,1714,4439,5636,5733,6399,6779,7158,8986,0414,0439,0513,1078,3461,5797,7709,8185,9110,9544
5058,2023-08-27,4019,2422,1594,2526,4011,5352,5686,7362,7732,7763,8996,9045,9413,0399,1182,1189,3828,6831,7289,7315,8119,8446,9960
5059,2023-08-30,9345,6493,7056,2659,2718,3294,5103,5421,7323,8076,8261,9874,9981,0078,1333,2975,3814,3839,6160,6339,7093,8315,8821
5060,2023-09-02,0999,5283,3661,0227,1556,2270,3330,4694,5242,5913,7294,8538,9199,2514,3129,4781,5113,5651,7355,7487,8199,9253,9622
5061,2023-09-03,9235,3914,2346,0081,1885,4104,4819,6287,6633,7198,7694,7790,8567,1502,2670,3328,4709,4724,7154,8636,8721,9080,9660
5062,2023-09-06,2828,0984,9018,0168,1308,1759,1788,1999,3271,3401,4316,4348,6054,0454,2014,2682,3150,3992,4376,4867,5613,5740,7471
5063,2023-09-09,0993,7727,2612,0279,1494,2800,3295,4702,5822,7681,7763,8175,9392,0154,0931,2789,2934,3038,3455,3759,5908,8872,9273
5064,2023-09-10,9947,5702,9377,0232,0849,0850,2330,5382,5542,6136,6473,8670,9576,0197,0794,2762,4178,4692,5192,5677,6957,8121,9123
5065,2023-09-13,3131,3250,9864,1115,2319,3667,5148,5182,5249,5669,8312,9116,9990,0394,2177,2181,2659,2833,4985,6161,8277,8370,8590
5066,2023-09-16,9538,0398,8042,0968,1113,2094,3345,3861,4211,5110,6641,9573,9700,1378,2100,2549,3344,3819,4352,4497,7884,8077,8670
5067,2023-09-17,6349,8789,5582,0159,1663,2170,2420,2546,3099,4042,4540,6081,7334,2010,2130,2257,3005,3193,3898,4808,6115,9556,9948
5068,2023-09-20,7472,2883,2491,0624,1154,1813,3122,3439,4555,7268,8445,8761,9150,0015,0334,0664,0809,5069,5259,5941,6870,7675,9374
5069,2023-09-23,6147,4307,5766,0568,0627,1766,4710,4732,5632,5887,6866,8350,9186,0117,0519,1405,2175,3089,6367,6954,7048,8756,9672
5070,2023-09-24,3491,5825,1187,3760,4619,5329,5347,5722,6282,6778,8852,9272,9746,0859,1836,2336,3146,4402,4850,5773,8159,8841,9216
5071,2023-09-27,5445,1478,6592,1463,2538,2637,2700,4057,6496,7186,7484,8960,9953,1734,2393,3369,3492,4245,4598,4924,6411,6987,9952
5072,2023-09-30,2175,0999,2717,0317,1749,3786,4045,5539,5652,6128,6302,7457,9755,0253,0283,1856,4785,4851,5667,6743,7856,8524,8550
5073,2023-10-01,8084,7214,6145,1450,1724,4474,4756,6515,6530,7639,7658,7950,8701,3715,4012,5095,5144,5727,6280,6813,8915,9738,9775
5074,2023-10-04,2352,3507,2446,0051,2477,6351,6810,6947,7205,7547,7828,8183,8780,0277,0623,3843,5790,6192,6207,6961,7549,9059,9491
5075,2023-10-07,4900,2897,8794,0084,0835,2196,2750,4090,5581,5910,6334,9226,9985,1629,1684,2439,2477,3769,4112,5880,6582,8280,8636
5076,2023-10-08,2444,2636,7870,0716,1433,3876,4037,4864,6578,7079,7721,7807,8515,0473,2177,2491,3446,4888,5312,5650,5880,6494,7029
5077,2023-10-11,7359,5668,1310,0834,2770,4184,4450,5277,5646,6071,7467,7939,9325,1163,1172,2074,2250,3168,3310,4021,5579,6276,7811
5078,2023-10-14,0371,4819,6195,0007,0083,2317,2740,4591,6892,8040,8396,8485,8788,0137,2451,2508,3324,7008,7082,7481,8305,8962,9314
5079,2023-10-15,9007,8936,2054,3373,3469,3470,3999,4009,5481,5542,6771,6885,8476,0058,0061,0339,0946,1885,2598,3779,4973,6671,8479
5080,2023-10-18,4196,3199,9548,0466,1781,2432,4075,4152,4795,5219,6053,6790,8059,0714,2020,3163,3465,7344,7506,8044,9071,9412,9917
5081,2023-10-21,5854,4693,6018,0977,1882,4579,4616,4810,5330,5747,6163,6497,7818,0959,4210,4778,5185,5867,6000,6895,8901,8955,9359
5082,2023-10-22,2392,1312,1787,0312,0547,1683,1753,3524,5219,6151,7776,8545,9690,0263,1589,3695,6724,7344,8462,8698,9551,9921,9958
5083,2023-10-25,0629,6887,8318,0249,0877,1005,2512,4710,4879,4993,5797,5936,6480,0202,0791,2632,3949,4295,4582,7140,7400,7904,9397
5084,2023-10-28,8382,3500,2040,0205,0887,2529,3726,3937,6120,7923,8076,9258,9378,1827,2956,3192,3988,5395,5707,6422,7099,9648,9652
5085,2023-10-29,4186,9297,9527,0576,3027,3866,5073,5238,6222,6826,7407,9558,9812,0036,0071,1405,1742,3764,4980,5918,6006,6977,8942
5086,2023-11-01,3065,6615,4090,2844,3625,4436,4958,5633,5952,7593,8163,8268,8601,1861,5098,5562,6671,8213,8468,8623,8957,9546,9804
5087,2023-11-04,1080,8084,8721,0659,2245,2265,4617,6485,6632,7869,8363,8730,9138,1747,1868,1980,2560,3203,3370,4332,7000,7329,8565
5088,2023-11-05,8855,0134,0067,2496,4279,4719,5966,6249,6944,7832,9421,9532,9790,0831,2135,3011,3598,3739,4043,5141,6451,8309,8775
5089,2023-11-08,7232,6268,4169,0920,0961,1024,1120,2543,5544,6108,7860,8101,9688,1407,1914,2588,4934,6334,7216,7639,7818,9575,9890
5090,2023-11-11,4076,5934,5347,0059,0732,2561,3092,3190,4974,5552,6983,7809,7968,1009,1742,2683,3329,3630,3756,4601,7910,7918,9734
5091,2023-11-12,4102,5310,3333,0221,1647,3046,5820,5825,6333,6615,7272,7726,9372,0579,1645,2178,6862,6868,8383,9139,9459,9597,9919
5092,2023-11-15,6416,9788,7647,0302,2709,3645,5098,5197,5598,6087,8237,9252,9346,0333,0468,0924,1058,1746,2629,3747,5786,5890,8408
5093,2023-11-18,9479,4759,2403,2089,3933,6375,6404,6407,8248,8921,9162,9278,9978,0665,2766,3670,5053,5075,5537,6937,8465,8587,8765
5094,2023-11-19,5650,3746,4544,1037,1248,1685,1991,3211,5943,7605,8506,9357,9579,1317,1677,2071,2325,2937,3276,3969,6460,6586,9342
5095,2023-11-22,5183,7436,7226,0875,3541,3912,5617,6041,6165,6299,7349,8661,9038,1936,1991,2291,3226,7342,7512,7766,8137,8335,8810
5096,2023-11-25,8082,9953,1800,0713,1010,2035,3059,4206,5590,7004,7459,8007,9530,1256,2132,3170,3574,4639,6198,6323,7575,7712,8628
5097,2023-11-26,8400,7511,7927,1182,2036,2223,2916,4529,5965,6588,7793,7828,9299,1042,1677,2172,2234,3414,4259,4576,5318,7107,7295
5098,2023-11-29,9335,5960,3664,1020,1526,2972,3365,4802,8311,9344,9763,9811,9903,0678,0842,1830,2136,4586,4687,5592,7250,7819,9072
5099,2023-12-02,4283,5089,0638,0236,0416,0599,0654,1380,1407,1561,1583,3646,9927,0567,0831,1192,1624,1994,2577,3166,3579,3654,5985
5100,2023-12-03,1934,2403,4424,0638,1254,1546,3683,4064,5281,6000,6460,8368,9031,0159,1039,1968,2979,3014,3591,5681,6327,6364,9701
5101,2023-12-06,8598,8413,2140,0273,0649,1964,2177,3995,5337,7468,8681,8879,9367,2546,3475,3797,6303,6498,6507,6906,9249,9594,9776
5102,2023-12-09,8019,5653,4589,0150,0296,1170,1557,6159,7516,8338,8557,9064,9600,0363,0568,2428,5098,5564,6146,8085,8210,9028,9595
5103,2023-12-10,3253,6349,3276,1213,2791,3637,4672,5514,6103,6191,7967,8015,8040,0526,2260,3436,5067,5405,6155,6514,7187,8154,9436
5104,2023-12-13,7089,0639,7868,1043,1668,3933,4057,5946,6308,6411,6859,9234,9288,2256,3466,4114,5238,5504,8119,8496,8524,8871,8996
5105,2023-12-16,2612,8773,0660,0526,0554,2044,3312,4079,5735,6908,7685,9106,9295,0402,1254,1650,2111,2518,3257,6006,6642,8460,8594
5106,2023-12-17,8262,5547,0200,0083,4636,6208,6786,6956,7497,7618,8429,9237,9341,1307,1436,3257,3909,4562,4664,5775,7762,7871,8420
5107,2023-12-20,9212,2547,2829,0186,0411,3472,5554,6122,6980,8473,8546,9717,9946,0822,3043,3160,3192,4548,5101,6510,8228,8409,8553
5108,2023-12-23,3020,4269,3733,0124,1450,2135,2456,3081,3569,4349,7320,8182,8941,0774,1519,1677,2178,2960,4315,4452,6375,7874,8298
5109,2023-12-24,1806,8877,1643,1806,1986,4280,4551,6210,6277,6647,8579,8767,9303,0778,1931,1942,2279,2519,2645,4226,6859,7558,8509
5110,2023-12-27,1461,7340,8707,1025,1452,1814,2390,3782,4151,4163,4522,6584,7880,0532,1345,2672,3015,4787,7536,7846,7966,8247,8927
5111,2023-12-30,6357,4498,7815,1109,1911,1999,2964,3368,6172,8548,8825,9253,9404,0998,3000,5515,5587,5774,8194,8511,8651,8913,9522
5112,2023-12-31,8989,6055,9220,0223,0403,2250,2959,3884,4056,5114,5848,7935,7967,1108,2201,3102,3904,4155,4188,7137,7450,8713,9108
5113,2024-01-03,2982,4134,7925,0309,2915,5064,5147,5156,6163,7638,7795,9129,9398,0777,0927,1392,2106,3067,4213,4330,7374,8259,8741
5114,2024-01-06,9661,8697,4489,1144,1705,1868,4464,6532,7431,8337,8845,9044,9564,0278,0528,5344,6587,7419,7450,7845,8060,8964,9713
5115,2024-01-07,5451,4263,2745,2438,2919,4453,4638,5660,7719,7730,7938,8327,9266,0822,1270,3616,5134,5805,6631,7997,8251,8344,9238
5116,2024-01-10,2754,1914,1491,0185,3587,4728,5223,6182,6458,6756,6798,8456,8753,0129,1393,1807,2698,4222,4991,6795,8402,8606,9559
5117,2024-01-13,6272,3902,9979,0315,2514,2691,3155,3687,4914,4971,5202,6587,8547,1703,1926,2697,3697,4335,5316,8344,8558,8766,9232
5118,2024-01-14,7862,1876,7968,0160,0548,0626,5252,5318,6253,6749,7073,8185,9841,0461,0917,3262,5508,7242,8165,8328,9309,9774,9779
5119,2024-01-17,0344,0223,2625,0362,1274,1354,2814,3023,5716,6706,7137,7188,7856,0834,0999,1718,4021,4349,4401,4475,5562,5873,6025
5120,2024-01-20,1525,3207,4343,1272,2462,3961,7448,7498,7547,7658,8235,8455,9691,1302,1993,2568,4155,4297,4646,4930,8027,9742,9996
5121,2024-01-21,6118,4846,9382,0752,5096,5906,8077,8165,8456,8464,8629,8856,9497,0037,0586,2698,6076,6342,6504,7302,8222,8531,8797
5122,2024-01-24,1634,5936,3965,0266,0406,1821,4692,5066,5851,6245,6417,6493,7478,0033,2512,3254,5627,6527,6775,6906,6962,7351,8791
5123,2024-01-27,5166,6105,8724,1850,2515,4398,4433,6111,6700,7072,8677,9543,9665,2529,3523,3768,4513,5387,6289,8019,8951,9443,9682
5124,2024-01-28,5756,9987,7366,0103,1702,2650,4686,4697,6820,7330,7384,8362,9331,0181,0779,0912,3068,4985,7054,7382,8032,8753,9956
5125,2024-01-31,0394,9274,5623,0080,0177,1230,3172,3423,4821,5608,6957,7928,8365,1766,2135,2822,3477,5264,5383,5694,7955,8815,9371
5126,2024-02-03,4704,2409,1254,1834,1996,4183,7019,7187,7909,7942,8352,9153,9373,0136,1951,3469,3989,4877,5208,5551,6189,7092,8271
5127,2024-02-04,8434,1538,5333,0106,1422,1632,4667,5210,6428,7142,8469,9151,9746,0946,1185,2599,3507,3939,6741,6808,7619,8167,9392
5128,2024-02-07,0238,1564,6606,0752,1088,1366,2153,2462,3706,4251,5844,7450,8607,0170,0291,1450,2233,4008,4149,4829,6704,8377,9601
5129,2024-02-10,7719,5731,1709,1072,1624,2056,3662,7555,7785,8604,9231,9404,9541,0112,1852,2769,2916,4564,5785,6685,7088,9595,9718
5130,2024-02-11,6438,3830,1422,2049,3175,5345,5366,6101,6874,6909,6956,8385,8491,0931,1240,2941,4572,5296,6366,7119,8517,8887,9890
5131,2024-02-14,4720,4097,7236,0491,0860,1164,2755,6042,7159,7507,7922,8728,9677,0445,0821,2315,4238,4744,5359,7046,7370,8248,9817
5132,2024-02-17,0075,2810,0010,0249,2117,2213,2506,2565,6330,7542,8194,9083,9884,0008,0457,1012,2547,3347,3970,4236,5750,8026,9114
5133,2024-02-18,3803,8161,3506,0566,1578,3516,4681,4935,4995,5048,5771,6512,9666,0826,1588,1628,1726,2605,4360,5630,7868,8581,9746
5134,2024-02-21,2990,2832,5268,0779,2919,3970,5549,5862,6367,7289,9446,9468,9573,0597,2149,2846,4268,4603,4922,5225,5754,7080,9965
5135,2024-02-24,5131,3448,9949,3408,3581,3617,4449,5078,5342,6372,7569,8235,8560,0183,1434,3071,3300,4183,5763,6183,6697,6977,7669
5136,2024-02-25,4026,0195,4517,2238,2859,4328,6682,6781,6998,7098,8385,9611,9749,1233,3404,3409,3959,5047,5444,6419,7069,7437,9659
5137,2024-02-28,7947,0008,0181,2630,2810,4293,5735,6997,7827,8103,9001,9485,9824,1714,1960,2267,2475,2838,3354,3613,5381,5439,8426
5138,2024-03-02,4120,5096,1017,0817,3311,4520,4563,4615,6191,7183,7242,8571,9765,0627,1927,3460,4577,5761,5890,6366,8371,8525,8696
5139,2024-03-03,2468,0152,1457,0345,0360,1178,3867,5835,6167,7045,7160,8791,8962,1419,1759,4047,4194,7114,9082,9605,9688,9839,9887
5140,2024-03-06,4719,5753,4288,1403,3656,3842,5578,5991,7418,8259,8912,8970,9165,1389,1698,2322,3817,4209,6638,6918,7331,7494,9736
5141,2024-03-09,2312,3527,1784,3026,3105,4486,5530,7019,8230,8401,9018,9068,9495,1177,1459,2010,3760,4068,6301,7019,7313,7537,7979
5142,2024-03-10,6663,4349,8559,0269,0555,1161,1579,3832,5703,6516,6636,7583,9204,0007,0594,3737,4010,7879,7980,8573,8699,8781,9342
5143,2024-03-13,3235,4946,2328,0471,0586,2163,2779,4685,5015,8599,9601,9752,9962,2446,5048,6059,6471,6801,7244,7485,7885,8580,9682
5144,2024-03-16,6899,6747,4174,0142,1277,3575,3587,4311,6821,6876,6921,8568,9482,0170,2334,3240,3404,3584,4500,8571,8791,8990,9834
5145,2024-03-17,2874,1553,8550,1760,1864,2700,4379,7019,7093,7180,8442,8572,9440,2000,2118,2868,3644,4548,6567,7566,8809,8838,9314
5146,2024-03-20,3191,0766,3667,0190,0888,1060,1293,3329,3696,4156,4381,5167,8118,0327,1597,3292,3445,4214,4216,7620,7633,9718,9866
5147,2024-03-23,8233,4397,1532,1553,1942,3559,4566,5166,5720,6557,6750,6961,8334,0276,0810,1105,1462,2046,2663,5943,7328,8280,9766
5148,2024-03-24,0154,2866,8468,1109,1715,2267,5366,5657,5847,6445,6949,7000,9483,0690,2166,2823,2898,4412,6181,7250,7352,8306,8451
5149,2024-03-27,1356,5061,6623,0086,1075,2738,4495,6024,7076,7426,7670,7837,8178,0099,0131,4466,5778,6655,6692,7555,8588,8670,9636
5150,2024-03-30,7275,4184,1099,0544,1373,1683,3457,4851,6426,6581,6937,8380,9669,0201,1900,2232,3923,4495,5744,6794,8055,8641,9949
5151,2024-03-31,3914,5622,3317,2090,3689,3708,4917,5315,6406,6804,7905,8702,8831,0739,1503,1973,2200,2342,3710,4846,5918,6822,9914
5152,2024-04-03,1755,4508,3542,1830,2209,2260,3315,4554,6220,6901,7684,8278,9206,0859,0912,3181,3288,3699,4235,4669,7985,8467,9800
5153,2024-04-06,4437,9844,2406,1446,2993,3322,4340,5281,5546,5921,8650,9227,9858,0309,0697,2469,3222,4094,7254,7660,8148,8711,9106
5154,2024-04-07,2194,1562,6955,0094,0143,1416,5626,6314,6746,8586,8728,8818,9645,0223,0644,1195,1326,5765,5989,6805,7817,8470,9175
5155,2024-04-10,6763,4210,5525,1357,1549,1712,3491,4765,5940,6751,7403,8153,8510,0604,3496,4251,4393,4419,6838,7177,8539,9416,9496
5156,2024-04-13,3779,3136,2299,0679,1594,3012,3781,3968,5096,5668,7392,8469,9044,1639,4380,4458,6474,7506,7994,8178,8912,9659,9836
5157,2024-04-14,9406,4726,1892,0175,2321,2395,4971,6547,7603,7731,9176,9184,9284,0073,0321,2587,3672,4511,5078,5490,7548,7676,7855
5158,2024-04-17,8276,2227,3182,3979,5533,6819,7063,8488,8514,8597,8644,9507,9678,0680,1393,1747,2749,4149,5637,6902,7449,8080,8614
5159,2024-04-20,0737,1173,3111,1041,3012,3610,5162,6370,7465,7684,7906,9668,9830,0023,0059,0522,2017,2058,2064,2356,2995,3563,9917
5160,2024-04-21,4017,6997,5643,1969,2463,5280,5897,6394,7694,8143,9355,9361,9616,0364,0982,1175,2105,4327,5708,6426,6454,8219,9403
5161,2024-04-24,2922,5874,7116,1489,2150,3620,4120,5038,5144,8744,9110,9468,9514,0662,1104,1689,2721,5076,5550,7736,8516,9315,9999
5162,2024-04-27,4489,2139,8027,0366,0624,1503,2137,3815,4305,5142,6386,7061,9099,3053,3706,4147,6992,7538,7753,7806,8207,8635,9825
5163,2024-04-28,6576,7394,2928,2460,2665,3070,3167,5530,6116,6881,7156,7872,8676,0256,1475,3116,3698,5059,5118,5564,7353,8111,9061
5164,2024-05-01,2221,9035,6083,0349,1905,1990,2314,2548,2942,5275,5625,8843,9778,0171,0775,2809,2857,3685,4195,5407,5655,7762,8992
5165,2024-05-04,5233,7431,0928,0188,0695,1143,1469,1666,3180,4398,5972,7606,9426,0477,0707,1311,1509,2130,4062,4158,4566,5596,9458
5166,2024-05-05,8635,7908,7488,2650,3137,3477,6305,8021,8682,9423,9565,9615,9695,1791,3347,3696,4487,4843,5932,6888,7429,7743,8059
5167,2024-05-08,3255,6607,8573,1404,2133,3301,3633,3839,4621,6402,6602,7535,9091,0361,0662,3050,4860,5244,5784,7297,7927,9587,9668
5168,2024-05-11,1749,5441,8745,0807,2604,2941,3813,4169,4818,7719,8563,9644,9821,0158,0451,1152,2026,3610,4364,4871,5027,5793,7939
5169,2024-05-12,2054,4668,7347,0310,1136,2515,3565,4880,5407,5819,7003,7182,8605,0520,0759,3027,4349,4359,6644,6756,7158,8551,9763
5170,2024-05-15,1080,6727,3927,0029,0386,1417,2530,3334,4486,5164,5724,7933,9597,1208,1358,3970,4664,6224,6226,7823,7823,8672,9255
5171,2024-05-18,0431,2562,9157,2100,2740,2810,3686,4373,4469,5074,6141,8505,9150,0409,1343,1410,3455,5971,6385,7604,8228,8292,8334
5172,2024-05-19,4448,8523,9143,1830,2363,2878,3265,4632,6434,6772,6944,7249,7715,1595,2249,2894,2914,5506,5984,7525,8434,8514,9854
5173,2024-05-22,3691,5631,6150,0796,1456,1760,2591,3673,4111,5282,6838,7757,7914,0548,1146,1202,4987,6450,7298,8027,8425,8931,9227
5174,2024-05-25,4847,5332,7500,0585,0729,1111,2164,4513,4516,5786,6772,9199,9936,0286,0951,1178,2201,3507,4293,5713,6128,7535,9376
5175,2024-05-26,3895,6684,0927,0956,2165,4181,4527,5827,6006,6329,6794,7180,7960,0154,0787,2465,2936,4411,6644,6701,7943,9179,9515
5176,2024-05-29,9173,5671,7799,0656,0694,1556,4795,7029,7659,7701,7709,8438,9633,1099,2372,2943,3654,4957,5505,7047,7622,8017,9497
5177,2024-06-01,9799,2463,1585,0770,0939,1340,1665,1942,3448,5484,6098,7614,7615,0446,0845,1666,1733,3651,4249,4903,5284,7399,7736
5178,2024-06-02,6212,4029,7849,1535,1591,2317,2355,4018,4805,4903,5428,5862,8247,0474,0542,0732,2565,3191,3944,4840,5797,6778,8903
5179,2024-06-05,9498,9570,7805,0621,0945,2440,2936,3757,4684,5080,7411,8679,9796,0084,1662,2509,2823,3892,4413,5951,7126,9220,9635
5180,2024-06-08,4277,0920,1169,0422,1091,1328,1633,2989,4491,5622,7303,9229,9604,0989,2228,2319,4318,4478,4495,4526,5115,6132,8440
5181,2024-06-09,7353,0301,9464,2005,2415,3005,3424,5864,6033,6429,6782,8025,8572,0096,3093,3577,4892,5079,5409,6836,8437,9218,9994
5182,2024-06-12,5858,0219,3233,0948,1106,1356,1781,4904,5322,5428,6946,8872,9473,1060,1183,2549,4022,4728,6441,7112,8268,8875,8927
5183,2024-06-15,5393,8046,3525,2533,5339,5366,5417,5475,7077,7652,7763,8907,9036,0510,0787,1952,3823,4621,5572,5809,6745,9778,9976
5184,2024-06-16,5707,7591,1855,2447,3594,3973,4546,5939,7741,7745,7754,8703,9275,0447,1876,3727,3784,4421,7860,8421,9528,9871,9953
5185,2024-06-19,4792,7474,5320,0173,0549,3486,3687,3952,4147,4714,5317,6148,6353,0650,1816,2480,5913,6562,6714,7327,7660,8364,9185
5186,2024-06-22,6235,4207,7090,0970,1515,1589,1600,4646,4975,5117,5716,6759,9457,0460,1430,2030,5519,5997,6151,6399,7527,9446,9747
5187,2024-06-23,0096,3255,5530,0324,1070,1347,1572,2175,4643,5408,7013,7567,8114,2055,3154,3978,4775,5163,7439,8231,8322,8349,8857
5188,2024-06-26,8668,9176,3251,0336,0512,4204,4561,4999,5772,7100,7927,9104,9948,0867,1686,1746,3763,4858,6826,8009,8273,9704,9985
5189,2024-06-29,1295,7962,3439,0026,1692,3013,3386,3734,4149,7332,7632,7714,8289,0857,1017,1101,1133,1335,1954,4422,5737,6307,9723
5190,2024-06-30,7878,6202,8016,2261,2721,2967,2980,3657,4232,5475,6984,7094,9633,0682,1534,2765,2953,5324,5445,9255,9311,9376,9736
5191,2024-07-03,0547,3531,2359,0390,1706,3180,3261,4507,4886,5645,5738,6066,6703,0774,1141,2427,3092,3939,6378,6651,6820,6981,9019
5192,2024-07-06,1897,6901,5695,0071,1585,2807,3055,3109,4961,6215,7474,7847,9785,1540,1748,2061,2677,3915,6471,7435,7556,8226,8844
5193,2024-07-07,0753,6549,8000,1299,2446,2447,3718,6562,6747,7505,7593,8152,8222,1027,4144,4436,6136,6172,6386,7426,7877,8311,9364
5194,2024-07-10,8879,3581,9763,0110,0249,0736,0907,1709,2607,2932,3146,5930,8204,0034,0390,1179,1274,2620,4162,8092,9548,9651,9737
5195,2024-07-13,1487,1381,0636,0650,1423,1610,1616,2354,3471,3824,7033,7929,9387,0690,0761,0847,1367,1745,2595,2670,5061,6022,8536
5196,2024-07-14,1986,6901,5479,0622,1080,1361,3009,3085,3850,4376,4720,4985,9508,0253,2511,2545,2736,2795,3493,3692,4239,6474,7305
5197,2024-07-17,5937,7864,7165,0330,0744,1470,4301,4664,5370,5835,7660,8962,9220,0469,0617,1227,2486,2771,4028,4611,7027,8413,9333
5198,2024-07-20,9926,3958,0647,0361,1193,1542,3528,4019,5977,6900,7896,9244,9303,0103,0426,2159,5016,5611,5957,7556,7949,9284,9464
5199,2024-07-21,7623,2908,9327,0008,0913,2451,5346,6233,7149,7274,7510,7655,8765,0127,0690,1101,1164,1535,5178,5704,7051,7453,9553
5200,2024-07-24,7977,2339,8517,1918,2137,2348,2602,5914,6591,7370,8454,8726,9569,0549,1275,1580,2795,5064,6771,6990,7223,9625,9719
5201,2024-07-27,6318,6485,0488,1628,2070,2377,4010,4262,4496,4544,6963,9164,9502,1234,1593,1704,3005,3431,4524,6723,8508,8592,9812
5202,2024-07-28,6111,1992,6419,2545,2774,2980,3572,3624,5334,7047,7137,7814,8591,0454,1745,3426,3980,4352,4744,6065,6815,7618,9029
5203,2024-07-31,8241,4135,2014,1349,1693,1736,3686,3987,3999,4777,5663,6297,9185,4611,5102,5167,5712,5986,7036,7159,8299,8376,8491
5204,2024-08-03,7015,7974,1353,2549,2918,3349,3490,4032,4662,5103,6762,7514,9097,0992,3892,3985,4190,4450,7860,8363,8576,9441,9704
5205,2024-08-04,8324,3781,6467,0584,1181,2004,2967,3027,4897,5843,8481,8947,9287,0084,2388,4353,6019,6131,6947,7663,7988,8314,9976
5206,2024-08-07,8695,9973,2885,0453,0638,1057,3005,3448,4495,5418,5719,7151,7706,0259,1762,2774,4219,4348,4917,6672,7791,9089,9613
5207,2024-08-10,2433,3577,3700,2596,2724,4000,4214,5326,6922,8093,9189,9489,9520,1091,1974,2115,2831,5154,8372,8499,8783,8853,9448
5208,2024-08-11,8609,6340,3601,1016,1876,5577,5722,6944,7147,7221,7508,7528,7804,1555,3284,3374,3549,3643,4432,6145,6429,9404,9806
5209,2024-08-14,5746,9175,8398,0043,1757,3412,3801,4782,5840,6415,7120,9338,9446,0410,0815,0905,1686,2806,2988,7879,9037,9411,9537
5210,2024-08-17,7577,2978,5568,1753,1936,2709,2982,5468,6716,6992,7232,8460,8916,0391,1141,2506,2901,4245,4720,5927,6991,9083,9281
5211,2024-08-18,0149,0638,0622,1476,2506,3828,4238,4445,4711,6306,6591,7786,8015,1557,2129,2355,2451,4756,6848,7488,9000,9241,9369
5212,2024-08-21,8294,1207,2020,3153,4393,5374,5606,5850,5938,7376,7596,7865,9943,1084,1211,1369,1880,2818,3894,4046,5043,5754,7194
5213,2024-08-24,4608,3903,9194,0471,1302,1753,3479,4734,4745,6330,6668,7124,7865,0561,2203,3019,4306,6314,6435,7282,8373,9144,9991
5214,2024-08-25,7675,2653,5207,0290,1813,3319,3448,4212,4686,4731,5566,7435,9880,0220,1033,2659,3087,4842,5480,6238,6822,7058,7544
5215,2024-08-28,8055,6931,6250,0642,1112,1147,2426,3578,4954,4984,5185,5937,7312,0342,2112,4479,6290,7174,7868,7955,8099,8530,9595
5216,2024-08-31,2853,1794,7477,1286,1339,2920,3663,4091,4566,5451,5535,9009,9019,0081,2321,3219,5352,6603,6823,7568,7977,8972,9165
5217,2024-09-01,9723,6357,0860,0809,1768,2696,4144,4572,5872,7120,7181,7944,8632,0282,1713,2024,2245,2893,3225,4458,6805,7245,9008
5218,2024-09-04,1733,8861,0358,1308,2128,4506,4769,6724,6994,7558,8020,8337,9273,1394,1919,2298,2581,3016,3789,5622,5635,7036,8395
5219,2024-09-07,8871,4758,9681,0028,1784,4404,4923,5295,6428,7399,8123,9053,9860,0179,2451,3138,3613,5822,6103,7082,8404,9777,9866
5220,2024-09-08,2073,0137,8645,0428,1890,2865,2960,3433,8518,8723,8965,9395,9405,0386,1330,1819,3173,3823,3902,4753,5105,5956,9575
5221,2024-09-11,0630,8404,1577,0691,1534,1852,2015,3178,3689,4227,7143,8224,9205,1030,2204,2774,4973,5325,6256,6651,8315,8647,8734
5222,2024-09-14,1538,3273,8184,0287,0740,0883,2576,4789,4794,4816,5035,8960,9880,0467,4087,4579,5771,7385,8033,8747,9201,9598,9915
5223,2024-09-15,8198,1300,0630,0660,1038,3438,3590,3677,4521,5030,5402,7545,7596,1134,3022,4514,6393,6978,7158,8167,8987,9083,9459
5224,2024-09-18,6553,2080,1245,0880,0992,3050,3067,3297,3876,5770,5905,6146,7052,0490,1732,2118,3121,4180,5384,7726,7993,8057,8323
5225,2024-09-21,7954,4691,9266,0262,0385,1213,2451,3248,3616,5733,6778,8491,8805,0411,0880,2733,3911,4203,4769,5782,6622,7980,9911
5226,2024-09-22,4317,3438,0614,0414,1052,1403,2139,3331,3407,4513,7002,7596,8679,0321,5965,7565,7715,7861,8144,8352,8920,9062,9292
5227,2024-09-25,2769,6890,7433,0581,0655,1163,2330,3327,3663,4306,4950,5768,9990,2084,2557,3419,6289,6500,6615,6710,7035,7693,8627
5228,2024-09-28,1672,9272,1800,0514,0591,3819,3827,5513,5720,6737,6923,8759,9049,0242,1689,2294,2672,4215,4711,4842,6065,6114,7332
5229,2024-09-29,2286,6281,0219,1104,2759,3059,5665,5794,6366,6803,7042,8151,9354,0398,1359,2705,3563,3830,6235,7631,8322,8424,8890
5230,2024-10-02,6604,4181,1815,0477,1540,1974,2569,3272,4216,5154,5531,8691,8767,2436,3704,4313,5221,5454,5593,7429,7840,8391,9001
5231,2024-10-05,6821,8502,6941,1780,2843,3781,4113,5623,5923,6159,7630,7645,8578,2312,2936,3181,3818,3835,3852,4473,4693,6022,9712
5232,2024-10-06,8359,1759,4418,0123,1134,2636,3994,4793,5051,6978,8830,9732,9840,1163,2884,3278,3353,4830,4986,6579,6831,7539,9613
5233,2024-10-09,2920,8195,9087,0538,1289,2313,3079,5147,7751,8579,8734,8780,8792,0290,1528,1757,2157,5612,7896,8656,8691,8844,8923
5234,2024-10-12,7488,6470,5723,1306,1395,2126,2241,2751,5601,5842,7930,8531,8711,0141,0334,2471,3265,4756,4959,6378,8773,9378,9661
5235,2024-10-13,6315,6456,9641,0390,2875,4365,4622,5353,6399,6404,8400,9043,9883,1402,1454,1635,2281,3009,3091,4136,5654,9197,9648
5236,2024-10-16,8333,8261,2120,0151,0217,2321,3235,3492,4007,6166,6229,7462,8195,0049,1049,1699,2354,2914,4892,7355,8766,8993,9092
5237,2024-10-19,2969,9523,8081,1094,1666,2017,2360,2828,3300,4224,6226,6793,9581,0826,2945,3473,3657,4069,4398,5237,6429,7728,9643
5238,2024-10-20,4637,9667,0615,0291,0951,1657,3617,5124,6649,7719,8721,9188,9555,0363,0594,0629,2411,3633,5089,6817,8262,9141,9803
5239,2024-10-23,4023,7066,8724,0298,0434,0851,1523,1594,2179,7360,7518,7985,8160,0243,1816,2131,5053,5731,5929,5962,6294,6336,7061
5240,2024-10-26,9688,9749,8611,0121,0416,0800,3204,4351,4858,5019,6819,6852,9160,0083,2498,3089,4057,5850,6699,6883,7100,7129,8636
5241,2024-10-27,1463,3571,4094,0379,0389,0807,1900,2197,2709,2759,4813,6017,7806,0260,0518,1706,2813,3399,6237,6397,6484,7593,9617
5242,2024-10-30,1645,7650,2242,2005,2895,3470,3904,4145,5764,7204,8790,9480,9536,0433,2073,3103,4007,4975,6128,7682,8493,8815,9772
5243,2024-11-02,7689,0978,7973,0524,1061,1354,4602,4673,7269,7825,8671,9068,9645,0121,1821,2405,2804,3038,3103,6606,7555,7768,9236
5244,2024-11-03,0740,2551,4801,0467,0624,2470,3191,3541,5192,6323,6744,6778,7798,0630,1770,1998,3390,4185,4369,4373,5175,5686,8312
5245,2024-11-06,0119,5171,1008,1161,1228,2988,4706,4903,5169,7044,7258,9376,9395,0014,0620,1047,2764,2888,5154,5720,6062,6454,9819
5246,2024-11-09,1783,5841,1718,1454,2196,2374,3106,5565,5655,5991,6328,7090,8211,2355,3932,4047,4559,4820,5133,5185,7298,8385,9364
5247,2024-11-10,4223,2758,8589,0663,0675,1313,1932,2112,2194,4876,6699,7024,7321,0081,1181,1256,3507,5570,6691,8201,8287,9268,9460
5248,2024-11-13,9133,9091,7173,0974,1284,2550,3766,4517,5748,6353,6841,7550,9329,0599,0994,1323,1428,4220,4828,6417,6608,9205,9624
5249,2024-11-16,8078,4966,7131,0313,1629,1917,2876,2892,6991,7615,7643,7746,8750,1175,1505,2689,2757,3449,4087,4528,4552,7542,8858
5250,2024-11-17,7571,4676,2678,1691,1705,2374,3127,3702,5814,7296,7422,8520,9290,1199,1245,2037,2652,2758,4921,5881,6755,7344,9937
5251,2024-11-20,3256,0000,4930,0262,0732,3688,4315,5324,5574,6207,7058,7737,8839,3868,5719,6044,6231,6470,7793,7906,8470,9038,9859
5252,2024-11-23,4823,6725,5985,0247,1696,2763,3185,3190,3414,4734,6725,8027,9623,0732,1407,2488,2841,4114,4553,5012,7837,8233,9682
5253,2024-11-24,5392,7225,2588,2402,2942,3567,3609,5212,5640,7019,7288,7866,8361,0172,0237,1490,1708,4546,7383,7729,8006,8363,9046
5254,2024-11-27,5217,1575,1918,0370,1340,3155,4681,7116,7550,8582,8831,9286,9340,0041,1365,1850,5029,5125,5307,5575,5999,7570,8796
5255,2024-11-30,4625,2729,9950,0111,0644,1400,4194,4630,5069,5464,7735,8664,9417,1530,1627,2622,3128,4023,5431,6701,6891,7087,9222
5256,2024-12-01,8682,2288,4656,2420,2783,2790,2841,3689,3736,3753,7251,7774,9189,0514,3526,3586,7660,7746,7990,8509,9889,9921,9935
5257,2024-12-04,9053,4455,5520,0660,4356,4653,5681,6126,6331,6455,8154,9693,9933,1711,2087,2258,2827,4476,5058,6067,7131,9668,9901
5258,2024-12-07,5929,9039,5600,0172,0929,1197,1991,2629,4284,4999,5758,5959,7060,1495,3699,3860,4400,4640,4841,6262,7088,7922,9692
5259,2024-12-08,3239,9357,6485,0404,1430,2377,5854,6841,7393,7532,9173,9187,9584,0407,0440,1721,2144,2212,4808,7537,8051,8231,8412
5260,2024-12-11,0841,4422,9561,1232,3254,4744,5040,8070,8430,9104,9657,9662,9913,4100,4613,4863,5642,5763,6452,7832,8186,8410,8820
5261,2024-12-14,2700,1324,3471,1323,1766,2689,3022,4298,6322,6388,7671,8401,8502,0833,1524,2334,2751,4037,4454,4739,6815,8254,9624
5262,2024-12-15,1599,3705,1014,0759,4229,4813,5748,6075,6314,7171,8011,8566,8827,1392,2997,3324,3350,3709,4749,5311,6352,6711,9576
5263,2024-12-18,9581,2781,5818,1382,1817,2887,3106,3453,4692,5038,6780,6992,8272,0056,0279,0621,3299,3773,4802,6124,6890,6953,9882
5264,2024-12-21,3259,8846,2415,3343,3511,3720,4905,6184,6401,6666,6750,6875,9952,0059,0621,1002,1030,1947,3482,5065,7199,9244,9472
5265,2024-12-22,5497,7616,1705,1023,1216,2567,2734,3096,6124,6927,7147,7733,7985,0475,0503,0508,1017,1517,7238,8541,8893,9267,9390
5266,2024-12-25,5374,0228,7064,1711,2845,3220,5117,5381,6447,7601,7879,8891,9373,0310,1810,3292,3774,4083,4318,4356,6665,7094,7411
5267,2024-12-28,0175,4689,4351,0791,1710,3190,3254,3379,3882,4346,4932,6895,7674,0477,0823,1324,2299,2517,4244,7174,7594,9167,9880
5268,2024-12-29,6777,2996,7843,2445,2721,2867,3278,4077,4434,4822,8337,8468,8941,1038,1376,2885,3319,3530,4072,6877,7190,8465,9355
5269,2025-01-01,7293,4559,5619,0199,0247,0563,2512,4229,5390,6400,9239,9313,9654,1334,1493,2553,3223,4089,5861,6297,6465,6661,8504
5270,2025-01-04,2679,3800,0842,1809,3060,4764,5691,5699,6969,8042,8477,8646,8796,1348,2190,6706,6963,7541,7784,8874,9497,9499,9685
5271,2025-01-05,5256,5975,1936,0392,1147,2171,2793,4441,5954,6376,7187,7473,9906,0218,4263,4669,5863,6426,7908,8028,8372,8859,9238
5272,2025-01-08,8975,1787,1566,1604,1714,1812,1841,2719,4068,6300,6797,7157,8151,0875,1813,4050,4754,6292,6952,8296,8831,9291,9818
5273,2025-01-11,5263,0328,6401,0038,0636,1204,1437,3859,4372,4767,5349,5643,9867,1595,2703,2759,3841,3898,3909,7653,7875,8832,9841
5274,2025-01-12,8504,1766,6864,0303,0399,1345,6380,6435,7499,7910,9304,9480,9814,0485,1044,1450,2501,3307,5126,6383,7714,9070,9811
5275,2025-01-15,5832,8143,4606,0750,0840,1698,3701,5173,5456,6066,6614,7359,7920,1565,2586,2894,3405,4284,4368,4906,5604,6279,7373
5276,2025-01-18,9858,6562,2327,0010,3507,3966,4042,4907,5042,5558,5818,7244,9952,0408,2108,2307,3454,3547,5941,6293,7443,8127,8699
5277,2025-01-19,3891,4872,3306,1536,2038,3592,3865,5012,6748,8938,8960,9172,9914,0489,2531,3357,5541,6239,6450,6878,7047,8437,8888
5278,2025-01-22,5416,8670,6258,0281,0313,0583,1735,3741,5216,5221,6698,7947,9441,0760,1609,1946,2607,3184,6621,6714,6917,8094,8456
5279,2025-01-25,1222,1689,8970,0470,0610,2123,2350,2605,3536,5082,6903,8102,9332,1471,1891,2100,4495,6113,7002,8353,9359,9557,9676
5280,2025-01-26,2782,4941,9626,2290,2409,2980,3633,3654,4444,6098,6351,6619,6937,2865,3455,3969,4299,4531,5468,6949,7004,7640,8737
5281,2025-01-29,0733,1828,1971,3306,3440,3748,4146,5031,6942,7485,7546,8938,9371,0083,1852,5165,5803,6586,6727,7173,7990,9218,9772
5282,2025-02-01,8383,9894,1152,1216,1544,1604,2508,2897,3131,6478,6714,7633,9528,0669,0740,1327,3653,4576,4909,6259,7654,7939,8457
5283,2025-02-02,9800,3238,1841,0593,1427,4452,4839,6212,6497,7006,7099,8304,8451,1234,1614,2146,2170,3594,3883,4180,4538,6302,8374
5284,2025-02-05,2079,2646,2294,0717,3217,3995,5488,5738,5879,6165,8277,8811,8874,0173,1101,3761,5558,5566,6261,6718,6990,9154,9651
5285,2025-02-08,9285,0822,4720,3093,3687,3924,5068,5593,6792,7283,8922,9643,9778,2132,3091,4134,4868,5831,6298,6548,8792,9188,9775
5286,2025-02-09,3388,2867,0858,0954,1336,2243,3991,4480,5542,5697,5754,7660,8783,0243,1175,2981,4353,6992,7061,8687,8740,9060,9795
5287,2025-02-12,7164,8545,2992,0958,1771,3283,4874,7191,8025,8025,8159,9478,9977,0930,3118,4107,6175,7494,8858,8874,9199,9435,9787
5288,2025-02-15,9899,6464,0266,0531,2858,6433,7097,7350,8019,9576,9621,9713,9863,0181,1207,1257,1683,2262,6918,7233,8308,9347,9479
5289,2025-02-16,7539,3829,4143,0557,2169,3985,4297,4539,6784,7117,7610,9950,9995,0240,1330,1940,4525,4526,4984,6634,7178,7912,8010
5290,2025-02-19,3419,0080,7394,1336,1435,3251,5170,5762,6780,7524,7692,8718,9246,1696,2124,2337,3946,3946,4936,5086,6444,7291,7886
5291,2025-02-22,7325,8407,3834,2041,3433,5917,6203,6752,7796,8471,9336,9675,9848,0458,0528,0657,0849,2610,6285,6335,9099,9306,9585
5292,2025-02-23,6666,3874,4593,0235,1081,1414,2238,2415,2607,3038,6260,7755,9773,0000,0025,1399,3220,3855,3890,4042,5887,6465,8456
5293,2025-02-26,5404,1956,9746,0567,1079,1403,2904,3551,4952,5339,5436,6861,9233,0058,1859,1874,2718,2941,4797,6372,7649,9380,9873
5294,2025-03-01,5946,3571,3194,0046,1118,3311,3344,4122,4617,4944,5558,6560,8773,0745,1950,4859,5560,6911,6915,6944,7582,8328,9287
5295,2025-03-02,7538,7890,5247,1651,2910,3136,3405,5117,6802,7011,7316,8198,9084,3645,4843,5468,5707,6244,8047,8425,8993,9223,9923
5296,2025-03-05,8680,2387,3277,0298,1521,2491,4107,5097,5545,6207,6626,7630,9757,0505,2523,3480,3488,4234,4973,5192,6261,6351,9704
5297,2025-03-08,0948,7694,0662,0478,0638,2196,5925,6309,6673,7146,7778,8460,9120,1202,1798,2153,2794,4186,6128,7260,7669,7864,8700
5298,2025-03-09,4657,6399,0032,0313,0834,3485,4094,5337,6828,7279,8439,9171,9595,0564,2069,2295,3144,4532,4587,5228,8376,9251,9256
5299,2025-03-12,6376,3368,8541,0156,0603,2870,3027,3312,4619,5955,6057,8123,8705,0797,3162,3356,3801,3972,5214,5978,6562,9718,9980
5300,2025-03-15,5540,8299,4260,0988,1900,1932,2886,5847,6316,7320,7326,8778,9014,0437,1731,3052,3659,6049,7195,8231,8947,9075,9128
5301,2025-03-16,9373,0187,3916,1054,1186,1350,1368,1849,4784,5676,6666,6924,7986,0409,0556,0876,1956,2756,2966,5546,6558,6906,8448
5302,2025-03-19,9325,7058,4913,1010,2545,3682,5016,5548,6903,6913,7590,7963,9802,0485,0643,1469,2402,3044,3985,7738,8934,9095,9277
5303,2025-03-22,4720,3674,2512,1386,2672,5821,6284,7053,7162,7273,7940,8831,9858,0313,2715,3446,3473,3859,5801,6056,6131,6684,8181
5304,2025-03-23,4111,4035,4379,0188,2497,2540,3417,3499,4630,5310,5792,6843,9644,0342,0695,1197,1597,2372,5131,5455,6645,8785,9518
5305,2025-03-26,3468,6375,6628,1482,3005,3279,3815,4628,6111,6310,7065,7076,7791,0374,0612,2660,4205,4899,7033,7455,9063,9104,9270
5306,2025-03-29,8682,4710,7398,1234,2168,2257,3961,3961,4520,4596,5244,8675,9616,0233,0856,4084,4987,8053,8524,8851,9324,9420,9945
5307,2025-03-30,8748,4642,9739,0393,0739,1360,1997,2117,2903,2924,6829,7940,9736,0958,1266,3969,4896,7107,7401,7983,9252,9674,9681
5308,2025-04-02,3567,7225,5163,2256,3527,3627,4059,4678,5022,5456,6550,9332,9645,0416,1615,3711,3986,4153,5214,5424,5931,6926,9577
5309,2025-04-05,1815,1666,3172,0146,1136,2516,2715,3828,8002,8870,8923,9714,9953,0876,1080,2206,2769,2804,2819,3771,5753,7278,9195
5310,2025-04-06,1546,0140,0556,0874,1360,2179,2708,5032,5641,7608,7777,8075,9882,1397,4381,6594,6938,7068,7548,7895,9086,9323,9792
5311,2025-04-09,8057,5467,0282,0095,0204,1402,2687,4792,5422,5893,6974,7683,8187,0078,0220,0278,0566,2383,2934,3784,5239,5452,6689
5312,2025-04-12,1564,3920,8992,4365,4561,5397,5623,5689,6326,7091,8868,9547,9567,0198,0828,2425,6387,7396,7481,7622,8127,9820,9924
5313,2025-04-13,5891,9375,4156,1914,4304,4717,4991,5044,6160,6625,7054,7955,9548,0625,2759,3431,3438,4364,5301,7032,7974,9277,9726
5314,2025-04-16,0193,5005,3069,1564,2055,2071,2929,3770,4270,4309,5757,6647,9828,1343,2125,4683,4719,4734,6695,7539,8970,9317,9822
5315,2025-04-19,8119,2405,8375,2037,3014,3245,3641,4239,4452,5462,5523,7603,7946,3027,4327,4876,5317,6034,7232,8452,8922,9480,9943
5316,2025-04-20,7422,8123,0107,2930,3392,4359,5557,6744,7640,8497,9007,9135,9146,0303,0376,0817,1145,2024,2960,3991,4573,5319,8217
5317,2025-04-23,4045,3916,5321,0151,0564,1148,1694,3702,5240,5624,5701,6788,7800,0080,1188,1853,2292,3070,3900,6374,9132,9191,9522
5318,2025-04-26,0990,7327,0507,0663,1482,1732,2689,4915,6260,8055,8653,9034,9496,0244,1411,3286,6092,6884,6989,7214,7398,8482,9988
5319,2025-04-27,4707,8324,5641,0019,2465,3523,5337,5845,6851,7694,8139,8427,9617,0573,1946,1955,2990,3221,3314,4285,5088,5465,8129
5320,2025-04-30,4655,3294,2170,0396,1170,2740,4107,6364,6369,7582,8643,9477,9630,0382,1137,1587,1998,2589,5652,7466,8157,8680,8744
5321,2025-05-03,6996,8840,9046,0381,2355,3189,4142,4349,5715,7056,7342,7575,8902,1763,2669,3892,5394,6145,6281,6520,8346,8425,8497
5322,2025-05-04,5507,5251,5717,0390,0976,2758,3132,3312,6004,7399,8582,8993,9359,1144,3240,3289,3303,3364,3438,5395,6150,6546,9695
5323,2025-05-07,2092,5603,4937,0045,0175,0680,1155,1275,5243,7199,8678,9523,9551,0047,0872,1218,3513,4091,4270,4900,8128,8623,9849
5324,2025-05-10,0050,0679,3278,0524,0661,1085,1651,2018,2714,7565,9465,9661,9920,0806,3325,3879,3886,3998,4727,5114,9442,9534,9830
5325,2025-05-11,8947,8881,0194,0864,1356,1661,2110,2711,2934,3620,5629,7061,8371,4874,6038,6298,6743,6797,7394,8187,8607,8936,9056
5326,2025-05-14,8283,7619,8144,3087,5092,6501,7111,7231,7244,7610,8997,9384,9926,0493,1808,5407,5561,7314,7336,7792,8913,8983,9134
5327,2025-05-17,6660,9386,5996,0029,0056,1047,2261,2622,5204,6471,6815,9177,9966,0678,0835,0860,5002,6030,6129,7000,7109,7724,8788
5328,2025-05-18,0665,0803,4878,0872,1490,2504,3415,4343,4684,5732,8049,8350,9467,0940,2509,2954,3359,3446,3755,3795,4213,4981,8065
5329,2025-05-21,3576,0530,6672,1109,1470,3009,3623,5062,5750,6285,7090,7305,7387,1835,2439,2725,3221,3317,3990,5741,5914,7870,9119
5330,2025-05-24,1766,5173,4804,0043,0341,1718,5126,5234,6110,6126,8856,8977,9065,0255,1439,1897,2807,3867,5569,6549,6829,6953,6961
5331,2025-05-25,0825,3791,1184,0635,1254,4020,4236,5050,5548,6950,7990,8879,9053,1084,1266,2939,3261,3737,4940,5176,6681,7322,9583
5332,2025-05-28,9617,4861,5198,0888,2651,3097,3958,4798,5039,5264,5784,8505,8655,0181,0278,1674,1705,4101,4476,4515,4728,7355,7961
5333,2025-05-31,9304,7436,7149,0104,0820,0952,1698,3616,4289,5806,6136,6701,7891,0403,0917,1204,1641,2806,2958,4234,4432,7493,9554
5334,2025-06-01,5259,5136,5118,0649,1346,1349,1985,3147,3223,5104,5701,6677,9489,0591,1286,2946,5754,5934,7704,8694,8915,9209,9869
5335,2025-06-04,7634,2612,7868,0535,1262,1464,1488,2183,2263,2355,4247,5392,9389,1021,1291,2766,4032,6158,6375,7171,7505,8508,9117
5336,2025-06-07,4520,7045,6134,3620,3724,4373,4423,5127,5400,5748,6003,9126,9328,1057,4657,4679,4848,6246,6567,7124,7830,8106,9237
5337,2025-06-08,3805,2672,3603,1042,4831,5432,6737,7348,8545,8574,9055,9133,9849,0489,1490,2385,2847,5281,5628,7414,7867,8259,9704
5338,2025-06-11,8184,7970,3662,0259,0685,3716,3718,4664,4793,6608,8493,8648,8923,1112,3703,3869,4747,5009,6091,6439,6775,7351,8537
5339,2025-06-14,8327,8441,4425,0237,1671,4542,6190,6486,6581,7129,7141,7402,8822,1194,1222,1288,2062,3023,6056,6746,7285,7439,7824
5340,2025-06-15,5891,2737,0222,0368,0544,1719,2585,2968,4745,5679,6552,7675,8989,1279,2126,2282,2437,2932,6682,8512,8920,9235,9908
5341,2025-06-18,0536,5327,5985,0049,1637,2222,2957,3261,3421,5154,6240,6266,8371,0161,1507,2129,2449,3090,3195,6584,8161,8778,9343
5342,2025-06-21,4104,4778,8651,0695,0808,1616,4127,4518,8213,8363,8477,8594,9728,1644,1808,3127,3551,4060,4249,5017,5260,6093,9374
5343,2025-06-22,9729,1467,9183,2551,3233,4105,4137,4144,5534,6047,6838,8467,9948,0200,0223,0458,0861,2926,3354,4534,6296,6757,8188
5344,2025-06-25,6238,2608,9703,0210,1258,1861,2097,2684,3137,6017,6053,7217,8155,2387,2522,3897,4934,5180,7026,7077,8984,9140,9658
5345,2025-06-28,4747,1435,3464,0966,1025,2473,2516,3558,3630,3630,4251,7569,9430,0996,3472,3947,3966,4021,5167,6820,6965,8180,9830
5346,2025-06-29,7479,7565,6124,0960,1309,1537,3005,4461,5086,6018,6446,8224,9318,0506,0521,1226,4289,4898,4971,6076,8783,9323,9715
5347,2025-07-02,1924,5698,2569,0457,2345,6498,6525,6966,7313,7416,7808,9228,9618,1482,2140,2691,3510,4051,5076,5856,6412,6547,7916
5348,2025-07-05,0264,4893,0702,0168,0649,0927,2119,2512,3695,4468,5126,6647,8006,0042,0959,2075,2651,3112,4212,4496,6091,8179,9927
5349,2025-07-06,2472,8404,1960,1669,2248,2764,4106,4313,4431,4460,5098,6056,6572,0517,0914,1886,2393,2531,3815,4387,4450,7956,8494
5350,2025-07-09,0175,9164,8664,1089,1168,3705,5746,5770,6585,6789,8482,8576,8978,0237,1217,1392,2251,3378,4494,5330,6086,7325,8526
5351,2025-07-12,3064,3797,2089,0332,1204,1552,2289,2679,3072,5298,5415,6441,8817,1286,1336,1736,2099,3073,4534,4666,5621,5780,9000
5352,2025-07-13,8775,3270,4419,1192,1559,1589,2658,3519,5793,7315,8496,9504,9734,0129,0290,0589,1043,1428,4119,4702,4880,6716,7664
5353,2025-07-16,9362,3962,5195,0030,0756,1500,4291,5314,8054,8812,9425,9610,9751,0106,0416,0782,1599,2158,2186,3642,7105,9300,9618
5354,2025-07-19,4802,9613,1740,1772,3264,3693,4070,4535,4687,5080,6533,7867,9470,0486,1669,1792,3863,4662,6646,6825,8107,9045,9159
5355,2025-07-20,4600,2359,6795,0194,0982,1779,4984,5615,7429,7819,7866,9279,9812,1948,2685,2816,2946,3178,6360,8317,8404,9084,9827
5356,2025-07-23,9559,5843,3533,0508,0923,1089,1622,2111,5113,6289,6457,8286,9305,1042,1239,1747,2196,3953,4349,4405,4699,5178,8954
5357,2025-07-26,0873,5343,2004,0411,1127,1256,2973,3400,3938,5035,5304,6960,9032,0319,0367,0564,1681,2371,3314,3939,4379,8759,9722
5358,2025-07-27,7280,9668,8992,0500,0658,2001,3698,4256,4996,6484,7782,7823,8588,0467,0746,0926,2927,3345,4759,4787,5406,5789,9608
5359,2025-07-30,8115,8844,2176,0571,0732,1114,1429,3176,3494,4693,4881,5904,9541,1218,2000,2021,2127,3859,4337,6789,7345,9768,9927
5360,2025-08-02,0851,5584,5354,1387,1833,2069,2484,4408,5127,5543,6932,8432,9868,1632,3052,4003,5891,8192,8385,8695,9374,9738,9842
5361,2025-08-03,9427,8262,3945,0568,2391,3386,4282,5936,6002,7157,7381,7658,9549,1859,2489,3138,4521,6012,6322,7852,8818,9322,9922
5362,2025-08-06,9132,5794,3597,2001,2888,3498,3611,4595,5230,5700,7782,8279,9651,0572,0852,2129,2997,3301,4654,6748,7439,7564,9013
5363,2025-08-09,8681,9912,8254,1377,1468,1837,3053,3109,5093,6589,6631,7846,9261,0671,0846,1238,2694,3043,3785,4450,5608,7010,7197
5364,2025-08-10,4067,9577,2523,0767,0915,1788,3194,5082,5378,5909,6333,6669,8976,2250,5351,6631,6955,6969,7432,8192,8406,8450,9496
5365,2025-08-13,3380,9757,0537,1957,1973,2278,2636,3178,3967,5090,5165,7503,7986,0759,0782,2899,3875,4339,5490,6048,6793,8574,9177
5366,2025-08-16,4315,2555,5488,1244,3076,4615,5597,5729,5860,7276,7305,8841,9655,1264,2168,2630,2927,4965,5483,6463,7294,8090,9649
5367,2025-08-17,7477,7066,2520,0546,1411,3164,3705,4201,4649,4807,5728,8437,9746,0726,2459,2734,3056,4490,5098,5203,5811,6828,9522
5368,2025-08-20,0707,4411,9382,0283,3013,3115,3190,3332,4379,6124,6678,7436,8842,1332,2273,2433,4916,6298,7954,8265,8545,8703,8925
5369,2025-08-23,2250,6325,0963,0297,0721,0759,2136,2807,4877,5486,5583,8575,9399,0300,1056,1330,2354,2870,3128,3762,4234,7566,9185
5370,2025-08-24,9197,2313,3178,4136,5744,6028,6108,6112,6446,7170,8698,9897,9983,1120,3167,6131,6582,6913,8280,8420,9523,9657,9666
5371,2025-08-27,6768,3571,5907,0065,0860,1629,3075,3682,4065,6865,8400,8637,9076,1821,2004,3631,4192,4421,4506,6115,6503,7987,8218
5372,2025-08-30,9468,7994,9118,1863,2293,4504,5654,5721,6249,6389,6423,6870,9968,0116,0869,4851,5517,5565,5828,7023,9474,9526,9705
5373,2025-08-31,7057,3257,4907,0263,0316,0894,1107,1715,2878,3479,4260,5808,9197,0744,0781,1468,2001,3575,3659,4070,4322,6440,8124
5374,2025-09-03,9999,0419,0801,1382,2456,4820,5083,5096,5631,5941,6510,7064,8567,0988,1713,1937,3432,3581,4200,4784,7311,8430,8743
5375,2025-09-06,3136,4463,8242,0640,0915,1857,3501,5458,6917,7007,9214,9381,9954,0075,0234,1743,1955,2262,4771,6318,8185,9645,9900
5376,2025-09-07,7336,4265,3126,0332,2315,2655,3086,5408,5636,7356,7449,7797,8770,0172,0913,2035,2946,3039,3175,4367,4555,6068,9386
5377,2025-09-10,7611,9426,1508,0981,2425,3787,4264,6297,7280,7861,7906,9178,9188,0216,2050,2473,5233,5402,6881,7524,8511,9065,9478
5378,2025-09-13,9326,1655,0211,1104,1298,2390,2751,3034,3998,5227,6567,7719,9878,1861,2725,3256,3646,4239,4426,5046,7620,7781,8677
5379,2025-09-14,8015,7894,3486,1614,3085,3429,5480,5683,5872,5965,7922,8477,9844,0514,2325,4060,4691,5410,5468,6591,7401,8114,9231
5380,2025-09-17,8704,3027,6170,0948,2518,3249,4894,6613,7743,7947,8102,8478,9887,0237,0266,0782,1227,3052,3655,5443,6516,9710,9785
5381,2025-09-20,4611,5803,0937,0631,0634,0898,1770,3434,7527,7984,8030,8373,9240,1620,2749,2919,5503,5742,7023,7258,7496,8338,8677
5382,2025-09-21,3788,6815,6523,0587,1434,1700,4069,4273,4639,6166,6344,6955,7455,3678,3735,3842,4110,4624,6833,8400,8729,8782,9527
5383,2025-09-24,3091,9344,7222,0267,3361,3959,4569,4936,6161,8699,9036,9052,9427,0082,1604,1877,2137,2138,3125,3825,6481,7818,8872
5384,2025-09-27,4874,7484,6362,0104,0862,1605,3971,4882,6309,7782,7939,8773,9123,0339,0739,2384,3937,5011,5260,5689,6825,9059,9261
5385,2025-09-28,5958,4956,6364,1898,3054,4756,4980,5162,6049,6495,7034,7835,8620,1574,1928,2667,4952,5438,5641,6398,7201,8051,8643
5386,2025-10-01,0526,6065,8694,0940,1871,2868,4391,4685,6064,6545,8378,8490,9722,0355,0400,1583,4150,4950,5049,5272,7717,8898,9987
5387,2025-10-04,5051,9297,6420,0231,0646,1738,1903,2961,6641,7244,7639,8480,9181,0199,2962,3160,3669,4592,6403,6838,6890,8015,9415
5388,2025-10-05,4913,0809,3232,3642,4579,4663,4824,5174,6875,7205,7476,7739,9314,3050,4201,4980,5156,5596,6134,6643,7040,7281,9244
5389,2025-10-08,8079,2929,3834,0095,0410,0626,1365,3364,4012,4311,5267,8151,8589,1244,1288,3616,4082,4291,4910,4926,5507,8602,9945
5390,2025-10-11,3635,6200,8187,0708,0877,3169,3211,5454,5500,5978,7048,7825,9588,0827,0853,2701,4891,5014,5075,6160,6415,7204,8308
5391,2025-10-12,1060,7509,9770,0431,1479,2530,4645,4779,6621,8117,9073,9212,9779,0423,1351,1544,2375,3052,5293,6305,8656,9485,9702
5392,2025-10-15,7324,5444,9456,0034,0508,0683,1400,2542,3422,7175,7350,7619,7729,0083,0379,0409,1192,1833,4183,5937,6078,7682,8770
5393,2025-10-18,6135,5681,6240,0022,0435,1215,1456,2383,2748,5747,7096,7246,9251,0069,1380,1548,2314,2882,4012,5716,9234,9483,9642
5394,2025-10-19,5548,8729,5928,1684,1869,3444,3582,4691,6942,8212,8472,8791,9398,0640,2148,2702,3130,3424,4037,6944,7253,8678,9139
5395,2025-10-22,8612,6143,2503,0223,0958,1438,3757,5241,5349,6532,7844,9618,9661,0466,0640,4134,5050,6088,7323,7852,8274,8492,9664
5396,2025-10-25,8585,6896,0898,1375,4167,4438,4931,7001,7529,8290,8440,9125,9464,1254,1970,2085,3759,4406,5439,6262,6378,6853,8998
5397,2025-10-26,0316,4178,9639,0848,1933,4830,6247,7074,7640,7683,7984,8415,9470,0962,1296,3818,5200,6388,6399,7742,7769,7829,8156
5398,2025-10-29,3378,2405,0654,3780,3796,4421,4768,5058,6024,6179,6221,7011,7055,1855,3484,5091,5304,5580,7020,7468,8181,8389,9959
5399,2025-11-01,4326,6349,8483,0055,1305,1313,2873,3170,3605,6544,6935,9121,9623,0240,0666,2483,4559,4652,5216,7384,7462,9218,9662
5400,2025-11-02,8989,5263,5848,0174,0593,1512,1880,3225,3794,7498,8969,9741,9788,0563,0637,2654,5537,6570,7067,7154,7289,8277,8621
5401,2025-11-05,0180,2381,6443,0851,1126,1441,1737,4295,4700,4987,6012,7459,9917,0103,0309,0344,1491,2323,2375,2947,2997,4840,8837
5402,2025-11-08,6456,4233,0536,0086,0874,1866,3240,6309,6425,6479,7497,9267,9995,0547,0703,2634,4389,4767,4965,6069,6398,7817,8763
5403,2025-11-09,7499,6827,4528,0013,0919,1843,5111,5448,6567,6889,7176,8035,9649,0389,0735,1413,2238,4156,4847,5242,9274,9374,9944
5404,2025-11-12,9223,8618,5996,0603,1786,3746,6852,7727,8023,8519,8726,8813,9364,0329,2645,3015,3414,3888,4226,4335,4921,7747,8869
5405,2025-11-15,8862,9781,0781,1021,2119,4606,5459,6276,7206,7642,8234,9635,9897,0544,0709,0799,1824,3765,6952,8694,8817,8951,9577
5406,2025-11-16,1396,7295,6438,1803,2867,2946,3263,4486,6618,7196,7561,7566,8307,0138,1785,2390,3673,4834,5170,5762,6116,7906,9290
5407,2025-11-19,9551,1551,2033,2131,2316,2335,3137,3262,4463,4648,5935,7783,8730,1018,1474,2198,3011,6542,7733,8116,8422,8716,9908
5408,2025-11-22,8590,5917,3898,1427,2554,3239,3389,4341,5669,8332,9772,9872,9972,0521,0735,1081,1494,5700,5876,7413,8705,8837,9938
5409,2025-11-23,2755,7850,6276,0520,2315,3723,4321,5001,5329,5380,5381,7849,8657,2993,3756,3785,3906,4556,4665,4782,4790,7295,7405
5410,2025-11-26,1434,5326,2794,0094,0578,0996,2636,4986,5250,5907,5935,6711,8675,0939,4274,4307,6279,7839,8037,8225,8849,8968,9601
5411,2025-11-29,7352,6713,5438,1138,1451,2868,3446,3816,4748,8329,8340,8347,8776,2611,4417,5138,5309,7373,7778,8581,9014,9746,9893
5412,2025-11-30,3393,4218,9245,1207,1731,2286,2642,2686,4307,4987,6231,7490,8453,0132,1287,1632,5096,5238,6029,6236,6414,7190,8301
5413,2025-12-03,7331,3848,9746,0631,1782,2639,2831,5018,5679,6543,6842,9325,9968,0453,0703,1857,4805,5587,6005,8570,8914,8971,9708
5414,2025-12-06,1419,1278,7876,0043,3875,4748,6877,7273,8373,8807,8855,8968,9175,0711,1447,1982,3545,5764,5973,6437,7210,8735,9702
5415,2025-12-07,2508,7370,3433,0788,0995,4095,4141,4928,5556,5874,6883,8494,8804,2032,3456,5495,6576,7161,7479,7937,8155,9520,9808
5416,2025-12-10,1912,0320,1329,2319,3782,3912,5652,6763,7204,8410,9019,9187,9793,0610,0709,5029,5896,6168,6531,6776,9137,9349,9740
5417,2025-12-13,8789,7191,2129,2060,3462,4944,5013,5259,6875,7659,8303,8898,9480,0274,0404,0649,0932,1586,1600,4964,5388,7453,8147
5418,2025-12-14,2056,7688,7385,2661,3079,3115,4136,4917,6091,6407,7364,8349,9780,1055,2300,4417,5334,5675,6254,6494,6916,7259,8914
5419,2025-12-17,8391,1708,4466,2544,2824,4562,6642,7197,7913,8185,8207,8305,9892,1194,1481,2476,3180,4232,5316,5925,6493,6896,8281
5420,2025-12-20,3114,7435,0825,0093,0147,3818,3880,4052,5321,5432,5945,7065,8101,2177,3103,3169,3626,3997,4853,6098,6917,7233,7273
5421,2025-12-21,5263,4178,3857,1521,2763,3098,3970,4090,4474,5027,6891,8076,9987,2448,2870,3331,5728,6851,7092,7198,7522,8518,9907
5422,2025-12-24,9395,9492,8002,0791,0865,2850,3506,4939,8220,8301,8312,9169,9473,0927,1156,1233,2731,3766,4199,5962,8319,9210,9274
5423,2025-12-27,7308,8780,7854,2581,2935,3191,6155,6485,7650,8132,8612,8718,9751,0174,1271,1352,2226,2389,2534,2573,6096,6997,9815
5424,2025-12-28,9507,9138,9591,0808,3093,3897,3964,5219,6913,7659,8278,9454,9617,0530,1397,1709,1751,1935,3103,4365,5231,7789,8512
5425,2025-12-31,7136,2553,4347,0220,0498,1445,2694,3049,4834,5675,6832,6837,9703,1989,2634,2766,2814,3835,4691,4781,5148,5437,7773
5426,2026-01-03,3310,6215,1859,4000,5712,7003,7303,7326,7900,8576,8653,8741,9469,0171,1284,3640,5248,6183,6591,6824,7649,8183,9499
5427,2026-01-04,3734,7713,9590,0594,1507,1543,4423,5853,6374,6873,7811,9398,9862,0893,1749,2226,3589,4698,6464,7461,9066,9114,9270
5428,2026-01-07,4807,1009,3912,0680,1374,1877,2788,7352,7971,9084,9246,9424,9599,2748,3384,3930,4376,5074,5209,6906,7298,7990,9802
5429,2026-01-10,2038,0938,3023,0946,3775,4265,4337,5262,5479,5864,7786,9330,9825,0519,1556,1594,5327,5923,6437,6447,6463,8172,9468
5430,2026-01-11,3283,0542,6102,0322,0428,0763,1170,2055,5272,6287,6585,8930,9275,2521,2587,2847,3066,4097,7583,8375,8546,9165,9196
5431,2026-01-14,0305,3505,5745,0163,0837,1410,2669,2695,3412,4870,9107,9570,9722,0091,0763,2313,2914,3297,4646,7131,7310,8781,9566
5432,2026-01-17,3236,4525,2694,2176,3267,4737,5552,5858,5919,6016,7978,8143,9945,0536,0617,2401,3415,4785,4790,6533,8476,8722,9005
5433,2026-01-18,5896,8717,4327,0267,1152,1190,2645,2751,4695,5471,8295,8822,9422,0348,1557,2362,3527,5316,5665,6399,6586,7017,8466
5434,2026-01-21,0452,6502,8309,0800,0849,1358,2336,4308,5994,6431,8599,9664,9840,0498,0766,1145,1169,4613,5088,6914,8540,9734,9911
5435,2026-01-24,7295,8557,0991,0497,0712,2018,2243,2450,4126,4516,4570,5071,9072,0055,1872,3177,5379,6437,7133,7530,8184,8328,9735
5436,2026-01-25,4025,3634,3473,2772,3296,3596,3963,4594,4734,4960,5259,5968,6585,0132,0739,1616,1788,2629,2678,6741,7739,9042,9185
5437,2026-01-28,9683,2287,2081,0617,1179,2808,4724,4932,5337,5514,5919,6193,6388,1156,1623,3157,3283,3481,4885,5512,5739,6153,6233
5438,2026-01-31,2490,7164,6555,0249,0285,2225,2628,3631,4235,6547,6661,8293,9354,3717,4115,4439,5336,6334,6399,6870,7138,9339,9813
5439,2026-02-01,7970,0896,0553,1818,2021,3015,4271,4932,6175,8533,9134,9406,9463,1931,1952,2144,3346,4713,6872,6946,8339,8658,9806
5440,2026-02-04,7541,6119,5301,0141,1167,1206,1308,3886,4390,4890,5407,8328,8899,0403,0681,0814,2599,4064,6258,7358,8293,8397,9989
5441,2026-02-07,1516,8047,7919,0743,1239,3077,3246,4394,5148,5232,7734,8070,9023,0001,0979,1259,2206,3038,4327,6510,6852,7464,7505
5442,2026-02-08,2916,4829,0499,0549,0720,1015,1949,3329,5154,5428,6868,8532,9052,2798,3092,3160,3516,3889,4593,5162,6449,7143,7519
5443,2026-02-11,5878,7907,2758,0289,0590,2947,3579,4505,4730,6961,7206,8057,9002,0288,0488,1875,1933,2097,2611,5434,7084,7156,9624
5444,2026-02-14,9651,3688,2645,2260,3557,4622,5836,6085,7391,7885,7906,9403,9526,2191,2345,3760,3761,5221,5574,5668,7802,9228,9419
5445,2026-02-15,4198,4374,9747,0747,3029,3168,3386,5071,5410,7525,7719,8008,8640,0666,1322,2304,2378,3071,3830,7371,7748,8090,9830
5446,2026-02-18,4118,0301,9591,1325,2632,3185,4698,4953,5273,6083,6437,6470,7708,0013,0410,1445,2208,4030,4405,5308,6169,8352,9713
5447,2026-02-21,5888,8468,6890,0905,2201,2639,6086,6141,7011,7269,8174,8975,9759,0674,0891,2191,2681,3449,4271,5815,6044,6467,9011
5448,2026-02-22,1903,7215,3568,0041,1203,1695,3950,6171,6410,6540,7219,7440,8236,1376,1790,2634,3301,4698,5217,5685,7875,9419,9984
5449,2026-02-25,1516,7309,2708,0814,1068,3542,3847,4163,5890,6424,8286,8439,9431,1511,2357,3115,4586,4965,6034,6445,6473,7266,8196
5450,2026-02-28,4172,0198,5482,1002,3679,4256,4411,4486,5987,6901,7127,7232,7897,0433,0515,2090,2546,4101,4473,4558,6202,8441,9542
5451,2026-03-01,3927,7192,2607,0318,0871,1083,1698,1854,2874,3869,4697,5609,8440,0483,1995,2792,4408,6217,7338,7340,7953,9154,9595
5452,2026-03-04,4299,1835,1804,1271,1278,3102,3102,5117,5958,6587,7128,8183,9324,1121,1394,2964,3616,4339,5612,7597,7609,8088,8251
